,Label,Year,variable,value
0,65 years and over,2010,Alabama,"657,974"
1,male,2010,Alabama,"278,873"
2,female,2010,Alabama,"379,101"
3,65 years and over,2011,Alabama,"673,790"
4,male,2011,Alabama,"285,310"
5,female,2011,Alabama,"388,480"
6,65 years and over,2012,Alabama,"700,359"
7,male,2012,Alabama,"300,019"
8,female,2012,Alabama,"400,340"
9,65 years and over,2013,Alabama,"721,538"
10,male,2013,Alabama,"309,005"
11,female,2013,Alabama,"412,533"
12,65 years and over,2014,Alabama,"746,512"
13,male,2014,Alabama,"322,116"
14,female,2014,Alabama,"424,396"
15,65 years and over,2015,Alabama,"761,847"
16,male,2015,Alabama,"329,305"
17,female,2015,Alabama,"432,542"
18,65 years and over,2016,Alabama,"783,952"
19,male,2016,Alabama,"338,770"
20,female,2016,Alabama,"445,182"
21,65 years and over,2017,Alabama,"3,780,686"
22,male,2017,Alabama,"1,799,902"
23,female,2017,Alabama,"1,980,784"
24,65 years and over,2018,Alabama,"3,798,766"
25,male,2018,Alabama,"1,805,236"
26,female,2018,Alabama,"1,993,530"
27,65 years and over,2019,Alabama,"3,817,588"
28,male,2019,Alabama,"1,812,854"
29,female,2019,Alabama,"2,004,734"
30,65 years and over,2020,Alabama,"3,800,274"
31,male,2020,Alabama,"1,808,099"
32,female,2020,Alabama,"1,992,175"
33,65 years and over,2010,Alaska,"53,339"
34,male,2010,Alaska,"25,530"
35,female,2010,Alaska,"27,809"
36,65 years and over,2011,Alaska,"58,367"
37,male,2011,Alaska,"28,415"
38,female,2011,Alaska,"29,952"
39,65 years and over,2012,Alaska,"62,119"
40,male,2012,Alaska,"29,757"
41,female,2012,Alaska,"32,362"
42,65 years and over,2013,Alaska,"65,584"
43,male,2013,Alaska,"32,663"
44,female,2013,Alaska,"32,921"
45,65 years and over,2014,Alaska,"69,899"
46,male,2014,Alaska,"34,342"
47,female,2014,Alaska,"35,557"
48,65 years and over,2015,Alaska,"71,008"
49,male,2015,Alaska,"35,048"
50,female,2015,Alaska,"35,960"
51,65 years and over,2016,Alaska,"75,832"
52,male,2016,Alaska,"37,737"
53,female,2016,Alaska,"38,095"
54,65 years and over,2017,Alaska,"554,614"
55,male,2017,Alaska,"291,715"
56,female,2017,Alaska,"262,899"
57,65 years and over,2018,Alaska,"553,978"
58,male,2018,Alaska,"289,766"
59,female,2018,Alaska,"264,212"
60,65 years and over,2019,Alaska,"551,796"
61,male,2019,Alaska,"287,256"
62,female,2019,Alaska,"264,540"
63,65 years and over,2020,Alaska,"553,631"
64,male,2020,Alaska,"290,360"
65,female,2020,Alaska,"263,271"
66,65 years and over,2010,Arizona,"886,795"
67,male,2010,Arizona,"403,984"
68,female,2010,Arizona,"482,811"
69,65 years and over,2011,Arizona,"923,153"
70,male,2011,Arizona,"422,047"
71,female,2011,Arizona,"501,106"
72,65 years and over,2012,Arizona,"971,086"
73,male,2012,Arizona,"444,228"
74,female,2012,Arizona,"526,858"
75,65 years and over,2013,Arizona,"1,018,724"
76,male,2013,Arizona,"468,475"
77,female,2013,Arizona,"550,249"
78,65 years and over,2014,Arizona,"1,070,757"
79,male,2014,Arizona,"492,448"
80,female,2014,Arizona,"578,309"
81,65 years and over,2015,Arizona,"1,120,004"
82,male,2015,Arizona,"515,072"
83,female,2015,Arizona,"604,932"
84,65 years and over,2016,Arizona,"1,169,826"
85,male,2016,Arizona,"539,236"
86,female,2016,Arizona,"630,590"
87,65 years and over,2017,Arizona,"5,383,542"
88,male,2017,Arizona,"2,655,396"
89,female,2017,Arizona,"2,728,146"
90,65 years and over,2018,Arizona,"5,529,647"
91,male,2018,Arizona,"2,726,338"
92,female,2018,Arizona,"2,803,309"
93,65 years and over,2019,Arizona,"5,639,069"
94,male,2019,Arizona,"2,782,081"
95,female,2019,Arizona,"2,856,988"
96,65 years and over,2020,Arizona,"5,534,419"
97,male,2020,Arizona,"2,728,556"
98,female,2020,Arizona,"2,805,863"
99,65 years and over,2010,Arkansas,"420,075"
100,male,2010,Arkansas,"183,461"
101,female,2010,Arkansas,"236,614"
102,65 years and over,2011,Arkansas,"428,625"
103,male,2011,Arkansas,"187,062"
104,female,2011,Arkansas,"241,563"
105,65 years and over,2012,Arkansas,"441,107"
106,male,2012,Arkansas,"193,923"
107,female,2012,Arkansas,"247,184"
108,65 years and over,2013,Arkansas,"453,542"
109,male,2013,Arkansas,"200,380"
110,female,2013,Arkansas,"253,162"
111,65 years and over,2014,Arkansas,"465,012"
112,male,2014,Arkansas,"206,473"
113,female,2014,Arkansas,"258,539"
114,65 years and over,2015,Arkansas,"478,114"
115,male,2015,Arkansas,"212,325"
116,female,2015,Arkansas,"265,789"
117,65 years and over,2016,Arkansas,"485,630"
118,male,2016,Arkansas,"215,607"
119,female,2016,Arkansas,"270,023"
120,65 years and over,2017,Arkansas,"2,295,846"
121,male,2017,Arkansas,"1,114,008"
122,female,2017,Arkansas,"1,181,838"
123,65 years and over,2018,Arkansas,"2,309,865"
124,male,2018,Arkansas,"1,118,983"
125,female,2018,Arkansas,"1,190,882"
126,65 years and over,2019,Arkansas,"2,318,792"
127,male,2019,Arkansas,"1,119,340"
128,female,2019,Arkansas,"1,199,452"
129,65 years and over,2020,Arkansas,"2,309,041"
130,male,2020,Arkansas,"1,118,805"
131,female,2020,Arkansas,"1,190,236"
132,65 years and over,2010,California,"4,269,495"
133,male,2010,California,"1,856,430"
134,female,2010,California,"2,413,065"
135,65 years and over,2011,California,"4,398,053"
136,male,2011,California,"1,921,723"
137,female,2011,California,"2,476,330"
138,65 years and over,2012,California,"4,599,393"
139,male,2012,California,"2,018,457"
140,female,2012,California,"2,580,936"
141,65 years and over,2013,California,"4,794,108"
142,male,2013,California,"2,113,160"
143,female,2013,California,"2,680,948"
144,65 years and over,2014,California,"4,990,092"
145,male,2014,California,"2,203,388"
146,female,2014,California,"2,786,704"
147,65 years and over,2015,California,"5,189,558"
148,male,2015,California,"2,298,554"
149,female,2015,California,"2,891,004"
150,65 years and over,2016,California,"5,348,439"
151,male,2016,California,"2,371,854"
152,female,2016,California,"2,976,585"
153,65 years and over,2017,California,"30,479,267"
154,male,2017,California,"15,017,561"
155,female,2017,California,"15,461,706"
156,65 years and over,2018,California,"30,571,507"
157,male,2018,California,"15,074,187"
158,female,2018,California,"15,497,320"
159,65 years and over,2019,California,"30,621,159"
160,male,2019,California,"15,100,913"
161,female,2019,California,"15,520,246"
162,65 years and over,2020,California,"30,389,382"
163,male,2020,California,"14,984,186"
164,female,2020,California,"15,405,196"
165,65 years and over,2010,Colorado,"551,638"
166,male,2010,Colorado,"245,132"
167,female,2010,Colorado,"306,506"
168,65 years and over,2011,Colorado,"575,497"
169,male,2011,Colorado,"256,679"
170,female,2011,Colorado,"318,818"
171,65 years and over,2012,Colorado,"610,939"
172,male,2012,Colorado,"273,851"
173,female,2012,Colorado,"337,088"
174,65 years and over,2013,Colorado,"644,943"
175,male,2013,Colorado,"290,333"
176,female,2013,Colorado,"354,610"
177,65 years and over,2014,Colorado,"679,572"
178,male,2014,Colorado,"308,984"
179,female,2014,Colorado,"370,588"
180,65 years and over,2015,Colorado,"711,572"
181,male,2015,Colorado,"323,620"
182,female,2015,Colorado,"387,952"
183,65 years and over,2016,Colorado,"743,056"
184,male,2016,Colorado,"339,794"
185,female,2016,Colorado,"403,262"
186,65 years and over,2017,Colorado,"4,344,795"
187,male,2017,Colorado,"2,172,597"
188,female,2017,Colorado,"2,172,198"
189,65 years and over,2018,Colorado,"4,428,826"
190,male,2018,Colorado,"2,215,430"
191,female,2018,Colorado,"2,213,396"
192,65 years and over,2019,Colorado,"4,502,416"
193,male,2019,Colorado,"2,259,424"
194,female,2019,Colorado,"2,242,992"
195,65 years and over,2020,Colorado,"4,425,895"
196,male,2020,Colorado,"2,218,147"
197,female,2020,Colorado,"2,207,748"
198,65 years and over,2010,Connecticut,"508,153"
199,male,2010,Connecticut,"213,434"
200,female,2010,Connecticut,"294,719"
201,65 years and over,2011,Connecticut,"515,314"
202,male,2011,Connecticut,"217,639"
203,female,2011,Connecticut,"297,675"
204,65 years and over,2012,Connecticut,"532,024"
205,male,2012,Connecticut,"226,464"
206,female,2012,Connecticut,"305,560"
207,65 years and over,2013,Connecticut,"544,506"
208,male,2013,Connecticut,"233,290"
209,female,2013,Connecticut,"311,216"
210,65 years and over,2014,Connecticut,"555,528"
211,male,2014,Connecticut,"239,351"
212,female,2014,Connecticut,"316,177"
213,65 years and over,2015,Connecticut,"565,283"
214,male,2015,Connecticut,"243,789"
215,female,2015,Connecticut,"321,494"
216,65 years and over,2016,Connecticut,"576,640"
217,male,2016,Connecticut,"248,844"
218,female,2016,Connecticut,"327,796"
219,65 years and over,2017,Connecticut,"2,845,906"
220,male,2017,Connecticut,"1,370,411"
221,female,2017,Connecticut,"1,475,495"
222,65 years and over,2018,Connecticut,"2,837,599"
223,male,2018,Connecticut,"1,367,138"
224,female,2018,Connecticut,"1,470,461"
225,65 years and over,2019,Connecticut,"2,837,855"
226,male,2019,Connecticut,"1,370,524"
227,female,2019,Connecticut,"1,467,331"
228,65 years and over,2020,Connecticut,"2,834,965"
229,male,2020,Connecticut,"1,365,953"
230,female,2020,Connecticut,"1,469,012"
231,65 years and over,2010,Delaware,"129,470"
232,male,2010,Delaware,"56,707"
233,female,2010,Delaware,"72,763"
234,65 years and over,2011,Delaware,"133,912"
235,male,2011,Delaware,"58,685"
236,female,2011,Delaware,"75,227"
237,65 years and over,2012,Delaware,"140,813"
238,male,2012,Delaware,"62,354"
239,female,2012,Delaware,"78,459"
240,65 years and over,2013,Delaware,"146,945"
241,male,2013,Delaware,"65,197"
242,female,2013,Delaware,"81,748"
243,65 years and over,2014,Delaware,"153,759"
244,male,2014,Delaware,"68,550"
245,female,2014,Delaware,"85,209"
246,65 years and over,2015,Delaware,"160,824"
247,male,2015,Delaware,"71,963"
248,female,2015,Delaware,"88,861"
249,65 years and over,2016,Delaware,"166,674"
250,male,2016,Delaware,"73,929"
251,female,2016,Delaware,"92,745"
252,65 years and over,2017,Delaware,"757,626"
253,male,2017,Delaware,"361,427"
254,female,2017,Delaware,"396,199"
255,65 years and over,2018,Delaware,"764,021"
256,male,2018,Delaware,"365,181"
257,female,2018,Delaware,"398,840"
258,65 years and over,2019,Delaware,"769,818"
259,male,2019,Delaware,"366,941"
260,female,2019,Delaware,"402,877"
261,65 years and over,2020,Delaware,"763,472"
262,male,2020,Delaware,"364,320"
263,female,2020,Delaware,"399,152"
264,65 years and over,2010,District of Columbia,"69,427"
265,male,2010,District of Columbia,"27,668"
266,female,2010,District of Columbia,"41,759"
267,65 years and over,2011,District of Columbia,"69,738"
268,male,2011,District of Columbia,"27,814"
269,female,2011,District of Columbia,"41,924"
270,65 years and over,2012,District of Columbia,"71,901"
271,male,2012,District of Columbia,"29,045"
272,female,2012,District of Columbia,"42,856"
273,65 years and over,2013,District of Columbia,"73,961"
274,male,2013,District of Columbia,"30,167"
275,female,2013,District of Columbia,"43,794"
276,65 years and over,2014,District of Columbia,"74,465"
277,male,2014,District of Columbia,"30,148"
278,female,2014,District of Columbia,"44,317"
279,65 years and over,2015,District of Columbia,"76,591"
280,male,2015,District of Columbia,"30,771"
281,female,2015,District of Columbia,"45,820"
282,65 years and over,2016,District of Columbia,"79,097"
283,male,2016,District of Columbia,"32,467"
284,female,2016,District of Columbia,"46,630"
285,65 years and over,2017,District of Columbia,"569,374"
286,male,2017,District of Columbia,"266,272"
287,female,2017,District of Columbia,"303,102"
288,65 years and over,2018,District of Columbia,"575,241"
289,male,2018,District of Columbia,"269,152"
290,female,2018,District of Columbia,"306,089"
291,65 years and over,2019,District of Columbia,"577,848"
292,male,2019,District of Columbia,"269,578"
293,female,2019,District of Columbia,"308,270"
294,65 years and over,2020,District of Columbia,"575,926"
295,male,2020,District of Columbia,"269,436"
296,female,2020,District of Columbia,"306,490"
297,65 years and over,2010,Florida,"3,273,199"
298,male,2010,Florida,"1,457,765"
299,female,2010,Florida,"1,815,434"
300,65 years and over,2011,Florida,"3,359,395"
301,male,2011,Florida,"1,494,405"
302,female,2011,Florida,"1,864,990"
303,65 years and over,2012,Florida,"3,508,827"
304,male,2012,Florida,"1,569,705"
305,female,2012,Florida,"1,939,122"
306,65 years and over,2013,Florida,"3,644,283"
307,male,2013,Florida,"1,632,779"
308,female,2013,Florida,"2,011,504"
309,65 years and over,2014,Florida,"3,790,954"
310,male,2014,Florida,"1,702,718"
311,female,2014,Florida,"2,088,236"
312,65 years and over,2015,Florida,"3,945,233"
313,male,2015,Florida,"1,771,351"
314,female,2015,Florida,"2,173,882"
315,65 years and over,2016,Florida,"4,090,764"
316,male,2016,Florida,"1,839,806"
317,female,2016,Florida,"2,250,958"
318,65 years and over,2017,Florida,"16,783,620"
319,male,2017,Florida,"8,114,222"
320,female,2017,Florida,"8,669,398"
321,65 years and over,2018,Florida,"17,071,450"
322,male,2018,Florida,"8,246,984"
323,female,2018,Florida,"8,824,466"
324,65 years and over,2019,Florida,"17,245,782"
325,male,2019,Florida,"8,334,993"
326,female,2019,Florida,"8,910,789"
327,65 years and over,2020,Florida,"17,002,480"
328,male,2020,Florida,"8,222,799"
329,female,2020,Florida,"8,779,681"
330,65 years and over,2010,Georgia,"1,033,898"
331,male,2010,Georgia,"437,124"
332,female,2010,Georgia,"596,774"
333,65 years and over,2011,Georgia,"1,075,895"
334,male,2011,Georgia,"458,625"
335,female,2011,Georgia,"617,270"
336,65 years and over,2012,Georgia,"1,139,356"
337,male,2012,Georgia,"489,591"
338,female,2012,Georgia,"649,765"
339,65 years and over,2013,Georgia,"1,190,773"
340,male,2013,Georgia,"513,601"
341,female,2013,Georgia,"677,172"
342,65 years and over,2014,Georgia,"1,248,870"
343,male,2014,Georgia,"538,933"
344,female,2014,Georgia,"709,937"
345,65 years and over,2015,Georgia,"1,302,759"
346,male,2015,Georgia,"563,658"
347,female,2015,Georgia,"739,101"
348,65 years and over,2016,Georgia,"1,359,134"
349,male,2016,Georgia,"589,480"
350,female,2016,Georgia,"769,654"
351,65 years and over,2017,Georgia,"7,914,614"
352,male,2017,Georgia,"3,791,307"
353,female,2017,Georgia,"4,123,307"
354,65 years and over,2018,Georgia,"8,016,182"
355,male,2018,Georgia,"3,835,526"
356,female,2018,Georgia,"4,180,656"
357,65 years and over,2019,Georgia,"8,114,394"
358,male,2019,Georgia,"3,879,247"
359,female,2019,Georgia,"4,235,147"
360,65 years and over,2020,Georgia,"8,011,265"
361,male,2020,Georgia,"3,837,513"
362,female,2020,Georgia,"4,173,752"
363,65 years and over,2010,Hawaii,"198,126"
364,male,2010,Hawaii,"87,881"
365,female,2010,Hawaii,"110,245"
366,65 years and over,2011,Hawaii,"203,469"
367,male,2011,Hawaii,"90,132"
368,female,2011,Hawaii,"113,337"
369,65 years and over,2012,Hawaii,"210,423"
370,male,2012,Hawaii,"93,357"
371,female,2012,Hawaii,"117,066"
372,65 years and over,2013,Hawaii,"220,108"
373,male,2013,Hawaii,"97,997"
374,female,2013,Hawaii,"122,111"
375,65 years and over,2014,Hawaii,"228,061"
376,male,2014,Hawaii,"101,561"
377,female,2014,Hawaii,"126,500"
378,65 years and over,2015,Hawaii,"237,153"
379,male,2015,Hawaii,"106,797"
380,female,2015,Hawaii,"130,356"
381,65 years and over,2016,Hawaii,"243,541"
382,male,2016,Hawaii,"110,038"
383,female,2016,Hawaii,"133,503"
384,65 years and over,2017,Hawaii,"1,121,541"
385,male,2017,Hawaii,"558,802"
386,female,2017,Hawaii,"562,739"
387,65 years and over,2018,Hawaii,"1,117,236"
388,male,2018,Hawaii,"556,287"
389,female,2018,Hawaii,"560,949"
390,65 years and over,2019,Hawaii,"1,115,685"
391,male,2019,Hawaii,"553,276"
392,female,2019,Hawaii,"562,409"
393,65 years and over,2020,Hawaii,"1,117,827"
394,male,2020,Hawaii,"556,596"
395,female,2020,Hawaii,"561,231"
396,65 years and over,2010,Idaho,"196,841"
397,male,2010,Idaho,"90,640"
398,female,2010,Idaho,"106,201"
399,65 years and over,2011,Idaho,"204,286"
400,male,2011,Idaho,"94,285"
401,female,2011,Idaho,"110,001"
402,65 years and over,2012,Idaho,"211,032"
403,male,2012,Idaho,"98,114"
404,female,2012,Idaho,"112,918"
405,65 years and over,2013,Idaho,"223,104"
406,male,2013,Idaho,"104,172"
407,female,2013,Idaho,"118,932"
408,65 years and over,2014,Idaho,"234,979"
409,male,2014,Idaho,"110,434"
410,female,2014,Idaho,"124,545"
411,65 years and over,2015,Idaho,"243,264"
412,male,2015,Idaho,"114,197"
413,female,2015,Idaho,"129,067"
414,65 years and over,2016,Idaho,"256,162"
415,male,2016,Idaho,"120,817"
416,female,2016,Idaho,"135,345"
417,65 years and over,2017,Idaho,"1,273,658"
418,male,2017,Idaho,"634,918"
419,female,2017,Idaho,"638,740"
420,65 years and over,2018,Idaho,"1,308,838"
421,male,2018,Idaho,"652,254"
422,female,2018,Idaho,"656,584"
423,65 years and over,2019,Idaho,"1,337,710"
424,male,2019,Idaho,"667,208"
425,female,2019,Idaho,"670,502"
426,65 years and over,2020,Idaho,"1,309,769"
427,male,2020,Idaho,"651,810"
428,female,2020,Idaho,"657,959"
429,65 years and over,2010,Illinois,"1,614,822"
430,male,2010,Illinois,"678,973"
431,female,2010,Illinois,"935,849"
432,65 years and over,2011,Illinois,"1,642,595"
433,male,2011,Illinois,"695,077"
434,female,2011,Illinois,"947,518"
435,65 years and over,2012,Illinois,"1,695,712"
436,male,2012,Illinois,"722,596"
437,female,2012,Illinois,"973,116"
438,65 years and over,2013,Illinois,"1,740,088"
439,male,2013,Illinois,"746,355"
440,female,2013,Illinois,"993,733"
441,65 years and over,2014,Illinois,"1,787,854"
442,male,2014,Illinois,"769,310"
443,female,2014,Illinois,"1,018,544"
444,65 years and over,2015,Illinois,"1,828,225"
445,male,2015,Illinois,"791,259"
446,female,2015,Illinois,"1,036,966"
447,65 years and over,2016,Illinois,"1,872,830"
448,male,2016,Illinois,"811,520"
449,female,2016,Illinois,"1,061,310"
450,65 years and over,2017,Illinois,"9,906,933"
451,male,2017,Illinois,"4,815,985"
452,female,2017,Illinois,"5,090,948"
453,65 years and over,2018,Illinois,"9,885,278"
454,male,2018,Illinois,"4,801,941"
455,female,2018,Illinois,"5,083,337"
456,65 years and over,2019,Illinois,"9,857,142"
457,male,2019,Illinois,"4,784,829"
458,female,2019,Illinois,"5,072,313"
459,65 years and over,2020,Illinois,"9,860,731"
460,male,2020,Illinois,"4,789,667"
461,female,2020,Illinois,"5,071,064"
462,65 years and over,2010,Indiana,"842,991"
463,male,2010,Indiana,"358,426"
464,female,2010,Indiana,"484,565"
465,65 years and over,2011,Indiana,"856,492"
466,male,2011,Indiana,"365,316"
467,female,2011,Indiana,"491,176"
468,65 years and over,2012,Indiana,"889,426"
469,male,2012,Indiana,"383,923"
470,female,2012,Indiana,"505,503"
471,65 years and over,2013,Indiana,"915,833"
472,male,2013,Indiana,"396,601"
473,female,2013,Indiana,"519,232"
474,65 years and over,2014,Indiana,"941,494"
475,male,2014,Indiana,"409,209"
476,female,2014,Indiana,"532,285"
477,65 years and over,2015,Indiana,"965,324"
478,male,2015,Indiana,"421,586"
479,female,2015,Indiana,"543,738"
480,65 years and over,2016,Indiana,"993,339"
481,male,2016,Indiana,"434,753"
482,female,2016,Indiana,"558,586"
483,65 years and over,2017,Indiana,"5,092,787"
484,male,2017,Indiana,"2,475,148"
485,female,2017,Indiana,"2,617,639"
486,65 years and over,2018,Indiana,"5,124,821"
487,male,2018,Indiana,"2,493,916"
488,female,2018,Indiana,"2,630,905"
489,65 years and over,2019,Indiana,"5,164,798"
490,male,2019,Indiana,"2,513,202"
491,female,2019,Indiana,"2,651,596"
492,65 years and over,2020,Indiana,"5,125,880"
493,male,2020,Indiana,"2,495,915"
494,female,2020,Indiana,"2,629,965"
495,65 years and over,2010,Iowa,"452,823"
496,male,2010,Iowa,"193,048"
497,female,2010,Iowa,"259,775"
498,65 years and over,2011,Iowa,"458,190"
499,male,2011,Iowa,"195,680"
500,female,2011,Iowa,"262,510"
501,65 years and over,2012,Iowa,"469,618"
502,male,2012,Iowa,"203,221"
503,female,2012,Iowa,"266,397"
504,65 years and over,2013,Iowa,"479,625"
505,male,2013,Iowa,"209,172"
506,female,2013,Iowa,"270,453"
507,65 years and over,2014,Iowa,"490,628"
508,male,2014,Iowa,"214,736"
509,female,2014,Iowa,"275,892"
510,65 years and over,2015,Iowa,"501,152"
511,male,2015,Iowa,"221,444"
512,female,2015,Iowa,"279,708"
513,65 years and over,2016,Iowa,"513,742"
514,male,2016,Iowa,"227,947"
515,female,2016,Iowa,"285,795"
516,65 years and over,2017,Iowa,"2,415,361"
517,male,2017,Iowa,"1,189,067"
518,female,2017,Iowa,"1,226,294"
519,65 years and over,2018,Iowa,"2,422,756"
520,male,2018,Iowa,"1,188,114"
521,female,2018,Iowa,"1,234,642"
522,65 years and over,2019,Iowa,"2,433,240"
523,male,2019,Iowa,"1,199,888"
524,female,2019,Iowa,"1,233,352"
525,65 years and over,2020,Iowa,"2,421,524"
526,male,2020,Iowa,"1,193,064"
527,female,2020,Iowa,"1,228,460"
528,65 years and over,2010,Kansas,"379,035"
529,male,2010,Kansas,"163,474"
530,female,2010,Kansas,"215,561"
531,65 years and over,2011,Kansas,"381,959"
532,male,2011,Kansas,"164,956"
533,female,2011,Kansas,"217,003"
534,65 years and over,2012,Kansas,"394,224"
535,male,2012,Kansas,"172,418"
536,female,2012,Kansas,"221,806"
537,65 years and over,2013,Kansas,"406,225"
538,male,2013,Kansas,"176,695"
539,female,2013,Kansas,"229,530"
540,65 years and over,2014,Kansas,"417,533"
541,male,2014,Kansas,"183,644"
542,female,2014,Kansas,"233,889"
543,65 years and over,2015,Kansas,"426,052"
544,male,2015,Kansas,"187,878"
545,female,2015,Kansas,"238,174"
546,65 years and over,2016,Kansas,"437,671"
547,male,2016,Kansas,"195,723"
548,female,2016,Kansas,"241,948"
549,65 years and over,2017,Kansas,"2,200,548"
550,male,2017,Kansas,"1,086,615"
551,female,2017,Kansas,"1,113,933"
552,65 years and over,2018,Kansas,"2,206,359"
553,male,2018,Kansas,"1,090,789"
554,female,2018,Kansas,"1,115,570"
555,65 years and over,2019,Kansas,"2,213,013"
556,male,2019,Kansas,"1,090,733"
557,female,2019,Kansas,"1,122,280"
558,65 years and over,2020,Kansas,"2,206,647"
559,male,2020,Kansas,"1,090,091"
560,female,2020,Kansas,"1,116,556"
561,65 years and over,2010,Kentucky,"579,521"
562,male,2010,Kentucky,"248,750"
563,female,2010,Kentucky,"330,771"
564,65 years and over,2011,Kentucky,"593,961"
565,male,2011,Kentucky,"255,092"
566,female,2011,Kentucky,"338,869"
567,65 years and over,2012,Kentucky,"613,626"
568,male,2012,Kentucky,"265,486"
569,female,2012,Kentucky,"348,140"
570,65 years and over,2013,Kentucky,"636,058"
571,male,2013,Kentucky,"277,784"
572,female,2013,Kentucky,"358,274"
573,65 years and over,2014,Kentucky,"653,022"
574,male,2014,Kentucky,"286,408"
575,female,2014,Kentucky,"366,614"
576,65 years and over,2015,Kentucky,"674,128"
577,male,2015,Kentucky,"295,759"
578,female,2015,Kentucky,"378,369"
579,65 years and over,2016,Kentucky,"687,525"
580,male,2016,Kentucky,"303,409"
581,female,2016,Kentucky,"384,116"
582,65 years and over,2017,Kentucky,"3,439,585"
583,male,2017,Kentucky,"1,671,766"
584,female,2017,Kentucky,"1,767,819"
585,65 years and over,2018,Kentucky,"3,460,621"
586,male,2018,Kentucky,"1,681,046"
587,female,2018,Kentucky,"1,779,575"
588,65 years and over,2019,Kentucky,"3,465,848"
589,male,2019,Kentucky,"1,683,676"
590,female,2019,Kentucky,"1,782,172"
591,65 years and over,2020,Kentucky,"3,454,333"
592,male,2020,Kentucky,"1,679,985"
593,female,2020,Kentucky,"1,774,348"
594,65 years and over,2010,Louisiana,"559,589"
595,male,2010,Louisiana,"238,072"
596,female,2010,Louisiana,"321,517"
597,65 years and over,2011,Louisiana,"571,296"
598,male,2011,Louisiana,"242,945"
599,female,2011,Louisiana,"328,351"
600,65 years and over,2012,Louisiana,"597,750"
601,male,2012,Louisiana,"256,835"
602,female,2012,Louisiana,"340,915"
603,65 years and over,2013,Louisiana,"606,958"
604,male,2013,Louisiana,"263,253"
605,female,2013,Louisiana,"343,705"
606,65 years and over,2014,Louisiana,"631,170"
607,male,2014,Louisiana,"273,926"
608,female,2014,Louisiana,"357,244"
609,65 years and over,2015,Louisiana,"653,608"
610,male,2015,Louisiana,"284,257"
611,female,2015,Louisiana,"369,351"
612,65 years and over,2016,Louisiana,"674,179"
613,male,2016,Louisiana,"294,468"
614,female,2016,Louisiana,"379,711"
615,65 years and over,2017,Louisiana,"3,575,091"
616,male,2017,Louisiana,"1,719,776"
617,female,2017,Louisiana,"1,855,315"
618,65 years and over,2018,Louisiana,"3,562,393"
619,male,2018,Louisiana,"1,712,995"
620,female,2018,Louisiana,"1,849,398"
621,65 years and over,2019,Louisiana,"3,563,908"
622,male,2019,Louisiana,"1,709,791"
623,female,2019,Louisiana,"1,854,117"
624,65 years and over,2020,Louisiana,"3,567,057"
625,male,2020,Louisiana,"1,718,357"
626,female,2020,Louisiana,"1,848,700"
627,65 years and over,2010,Maine,"210,842"
628,male,2010,Maine,"92,586"
629,female,2010,Maine,"118,256"
630,65 years and over,2011,Maine,"217,308"
631,male,2011,Maine,"96,014"
632,female,2011,Maine,"121,294"
633,65 years and over,2012,Maine,"225,973"
634,male,2012,Maine,"101,141"
635,female,2012,Maine,"124,832"
636,65 years and over,2013,Maine,"235,984"
637,male,2013,Maine,"106,248"
638,female,2013,Maine,"129,736"
639,65 years and over,2014,Maine,"242,564"
640,male,2014,Maine,"109,804"
641,female,2014,Maine,"132,760"
642,65 years and over,2015,Maine,"250,568"
643,male,2015,Maine,"113,265"
644,female,2015,Maine,"137,303"
645,65 years and over,2016,Maine,"256,652"
646,male,2016,Maine,"116,423"
647,female,2016,Maine,"140,229"
648,65 years and over,2017,Maine,"1,081,705"
649,male,2017,Maine,"524,310"
650,female,2017,Maine,"557,395"
651,65 years and over,2018,Maine,"1,089,852"
652,male,2018,Maine,"527,338"
653,female,2018,Maine,"562,514"
654,65 years and over,2019,Maine,"1,097,859"
655,male,2019,Maine,"530,772"
656,female,2019,Maine,"567,087"
657,65 years and over,2020,Maine,"1,089,858"
658,male,2020,Maine,"527,466"
659,female,2020,Maine,"562,392"
660,65 years and over,2010,Maryland,"710,252"
661,male,2010,Maryland,"300,888"
662,female,2010,Maryland,"409,364"
663,65 years and over,2011,Maryland,"731,759"
664,male,2011,Maryland,"310,658"
665,female,2011,Maryland,"421,101"
666,65 years and over,2012,Maryland,"762,681"
667,male,2012,Maryland,"326,004"
668,female,2012,Maryland,"436,677"
669,65 years and over,2013,Maryland,"793,868"
670,male,2013,Maryland,"340,378"
671,female,2013,Maryland,"453,490"
672,65 years and over,2014,Maryland,"822,171"
673,male,2014,Maryland,"353,543"
674,female,2014,Maryland,"468,628"
675,65 years and over,2015,Maryland,"846,985"
676,male,2015,Maryland,"365,364"
677,female,2015,Maryland,"481,621"
678,65 years and over,2016,Maryland,"876,448"
679,male,2016,Maryland,"378,312"
680,female,2016,Maryland,"498,136"
681,65 years and over,2017,Maryland,"4,705,227"
682,male,2017,Maryland,"2,247,134"
683,female,2017,Maryland,"2,458,093"
684,65 years and over,2018,Maryland,"4,704,363"
685,male,2018,Maryland,"2,246,001"
686,female,2018,Maryland,"2,458,362"
687,65 years and over,2019,Maryland,"4,713,393"
688,male,2019,Maryland,"2,249,586"
689,female,2019,Maryland,"2,463,807"
690,65 years and over,2020,Maryland,"4,696,858"
691,male,2020,Maryland,"2,241,739"
692,female,2020,Maryland,"2,455,119"
693,65 years and over,2010,Massachusetts,"906,116"
694,male,2010,Massachusetts,"378,335"
695,female,2010,Massachusetts,"527,781"
696,65 years and over,2011,Massachusetts,"921,909"
697,male,2011,Massachusetts,"386,705"
698,female,2011,Massachusetts,"535,204"
699,65 years and over,2012,Massachusetts,"961,031"
700,male,2012,Massachusetts,"406,909"
701,female,2012,Massachusetts,"554,122"
702,65 years and over,2013,Massachusetts,"990,097"
703,male,2013,Massachusetts,"422,209"
704,female,2013,Massachusetts,"567,888"
705,65 years and over,2014,Massachusetts,"1,015,577"
706,male,2014,Massachusetts,"434,098"
707,female,2014,Massachusetts,"581,479"
708,65 years and over,2015,Massachusetts,"1,044,226"
709,male,2015,Massachusetts,"448,520"
710,female,2015,Massachusetts,"595,706"
711,65 years and over,2016,Massachusetts,"1,074,425"
712,male,2016,Massachusetts,"463,436"
713,female,2016,Massachusetts,"610,989"
714,65 years and over,2017,Massachusetts,"5,489,235"
715,male,2017,Massachusetts,"2,630,513"
716,female,2017,Massachusetts,"2,858,722"
717,65 years and over,2018,Massachusetts,"5,535,023"
718,male,2018,Massachusetts,"2,652,764"
719,female,2018,Massachusetts,"2,882,259"
720,65 years and over,2019,Massachusetts,"5,540,726"
721,male,2019,Massachusetts,"2,654,903"
722,female,2019,Massachusetts,"2,885,823"
723,65 years and over,2020,Massachusetts,"5,511,033"
724,male,2020,Massachusetts,"2,640,260"
725,female,2020,Massachusetts,"2,870,773"
726,65 years and over,2010,Michigan,"1,365,505"
727,male,2010,Michigan,"590,052"
728,female,2010,Michigan,"775,453"
729,65 years and over,2011,Michigan,"1,387,870"
730,male,2011,Michigan,"600,722"
731,female,2011,Michigan,"787,148"
732,65 years and over,2012,Michigan,"1,442,623"
733,male,2012,Michigan,"629,199"
734,female,2012,Michigan,"813,424"
735,65 years and over,2013,Michigan,"1,486,783"
736,male,2013,Michigan,"654,585"
737,female,2013,Michigan,"832,198"
738,65 years and over,2014,Michigan,"1,531,067"
739,male,2014,Michigan,"673,803"
740,female,2014,Michigan,"857,264"
741,65 years and over,2015,Michigan,"1,570,641"
742,male,2015,Michigan,"695,418"
743,female,2015,Michigan,"875,223"
744,65 years and over,2016,Michigan,"1,609,065"
745,male,2016,Michigan,"715,138"
746,female,2016,Michigan,"893,927"
747,65 years and over,2017,Michigan,"7,786,450"
748,male,2017,Michigan,"3,792,561"
749,female,2017,Michigan,"3,993,889"
750,65 years and over,2018,Michigan,"7,831,650"
751,male,2018,Michigan,"3,817,463"
752,female,2018,Michigan,"4,014,187"
753,65 years and over,2019,Michigan,"7,844,035"
754,male,2019,Michigan,"3,820,907"
755,female,2019,Michigan,"4,023,128"
756,65 years and over,2020,Michigan,"7,812,144"
757,male,2020,Michigan,"3,804,719"
758,female,2020,Michigan,"4,007,425"
759,65 years and over,2010,Minnesota,"686,694"
760,male,2010,Minnesota,"299,529"
761,female,2010,Minnesota,"387,165"
762,65 years and over,2011,Minnesota,"701,083"
763,male,2011,Minnesota,"307,540"
764,female,2011,Minnesota,"393,543"
765,65 years and over,2012,Minnesota,"729,910"
766,male,2012,Minnesota,"322,566"
767,female,2012,Minnesota,"407,344"
768,65 years and over,2013,Minnesota,"754,718"
769,male,2013,Minnesota,"334,538"
770,female,2013,Minnesota,"420,180"
771,65 years and over,2014,Minnesota,"777,833"
772,male,2014,Minnesota,"346,460"
773,female,2014,Minnesota,"431,373"
774,65 years and over,2015,Minnesota,"804,958"
775,male,2015,Minnesota,"361,152"
776,female,2015,Minnesota,"443,806"
777,65 years and over,2016,Minnesota,"830,335"
778,male,2016,Minnesota,"373,937"
779,female,2016,Minnesota,"456,398"
780,65 years and over,2017,Minnesota,"4,278,824"
781,male,2017,Minnesota,"2,116,447"
782,female,2017,Minnesota,"2,162,377"
783,65 years and over,2018,Minnesota,"4,309,132"
784,male,2018,Minnesota,"2,127,007"
785,female,2018,Minnesota,"2,182,125"
786,65 years and over,2019,Minnesota,"4,336,963"
787,male,2019,Minnesota,"2,139,845"
788,female,2019,Minnesota,"2,197,118"
789,65 years and over,2020,Minnesota,"4,300,882"
790,male,2020,Minnesota,"2,125,244"
791,female,2020,Minnesota,"2,175,638"
792,65 years and over,2010,Mississippi,"382,756"
793,male,2010,Mississippi,"160,465"
794,female,2010,Mississippi,"222,291"
795,65 years and over,2011,Mississippi,"387,023"
796,male,2011,Mississippi,"163,419"
797,female,2011,Mississippi,"223,604"
798,65 years and over,2012,Mississippi,"402,724"
799,male,2012,Mississippi,"171,181"
800,female,2012,Mississippi,"231,543"
801,65 years and over,2013,Mississippi,"414,365"
802,male,2013,Mississippi,"176,332"
803,female,2013,Mississippi,"238,033"
804,65 years and over,2014,Mississippi,"427,313"
805,male,2014,Mississippi,"182,795"
806,female,2014,Mississippi,"244,518"
807,65 years and over,2015,Mississippi,"440,961"
808,male,2015,Mississippi,"189,986"
809,female,2015,Mississippi,"250,975"
810,65 years and over,2016,Mississippi,"449,634"
811,male,2016,Mississippi,"195,265"
812,female,2016,Mississippi,"254,369"
813,65 years and over,2017,Mississippi,"2,269,547"
814,male,2017,Mississippi,"1,079,184"
815,female,2017,Mississippi,"1,190,363"
816,65 years and over,2018,Mississippi,"2,280,808"
817,male,2018,Mississippi,"1,085,780"
818,female,2018,Mississippi,"1,195,028"
819,65 years and over,2019,Mississippi,"2,277,729"
820,male,2019,Mississippi,"1,083,089"
821,female,2019,Mississippi,"1,194,640"
822,65 years and over,2020,Mississippi,"2,274,614"
823,male,2020,Mississippi,"1,083,183"
824,female,2020,Mississippi,"1,191,431"
825,65 years and over,2010,Missouri,"842,885"
826,male,2010,Missouri,"362,211"
827,female,2010,Missouri,"480,674"
828,65 years and over,2011,Missouri,"854,604"
829,male,2011,Missouri,"370,220"
830,female,2011,Missouri,"484,384"
831,65 years and over,2012,Missouri,"884,325"
832,male,2012,Missouri,"385,130"
833,female,2012,Missouri,"499,195"
834,65 years and over,2013,Missouri,"908,358"
835,male,2013,Missouri,"396,821"
836,female,2013,Missouri,"511,537"
837,65 years and over,2014,Missouri,"931,890"
838,male,2014,Missouri,"408,150"
839,female,2014,Missouri,"523,740"
840,65 years and over,2015,Missouri,"950,948"
841,male,2015,Missouri,"416,051"
842,female,2015,Missouri,"534,897"
843,65 years and over,2016,Missouri,"976,979"
844,male,2016,Missouri,"430,358"
845,female,2016,Missouri,"546,621"
846,65 years and over,2017,Missouri,"4,725,871"
847,male,2017,Missouri,"2,289,651"
848,female,2017,Missouri,"2,436,220"
849,65 years and over,2018,Missouri,"4,748,726"
850,male,2018,Missouri,"2,298,091"
851,female,2018,Missouri,"2,450,635"
852,65 years and over,2019,Missouri,"4,764,733"
853,male,2019,Missouri,"2,305,849"
854,female,2019,Missouri,"2,458,884"
855,65 years and over,2020,Missouri,"4,744,737"
856,male,2020,Missouri,"2,297,802"
857,female,2020,Missouri,"2,446,935"
858,65 years and over,2010,Montana,"147,494"
859,male,2010,Montana,"68,130"
860,female,2010,Montana,"79,364"
861,65 years and over,2011,Montana,"150,976"
862,male,2011,Montana,"70,774"
863,female,2011,Montana,"80,202"
864,65 years and over,2012,Montana,"158,585"
865,male,2012,Montana,"74,585"
866,female,2012,Montana,"84,000"
867,65 years and over,2013,Montana,"165,080"
868,male,2013,Montana,"77,518"
869,female,2013,Montana,"87,562"
870,65 years and over,2014,Montana,"170,153"
871,male,2014,Montana,"80,724"
872,female,2014,Montana,"89,429"
873,65 years and over,2015,Montana,"178,931"
874,male,2015,Montana,"85,187"
875,female,2015,Montana,"93,744"
876,65 years and over,2016,Montana,"183,881"
877,male,2016,Montana,"87,767"
878,female,2016,Montana,"96,114"
879,65 years and over,2017,Montana,"820,598"
880,male,2017,Montana,"410,107"
881,female,2017,Montana,"410,491"
882,65 years and over,2018,Montana,"832,340"
883,male,2018,Montana,"416,551"
884,female,2018,Montana,"415,789"
885,65 years and over,2019,Montana,"842,254"
886,male,2019,Montana,"420,243"
887,female,2019,Montana,"422,011"
888,65 years and over,2020,Montana,"833,116"
889,male,2020,Montana,"416,598"
890,female,2020,Montana,"416,518"
891,65 years and over,2010,Nebraska,"247,893"
892,male,2010,Nebraska,"106,361"
893,female,2010,Nebraska,"141,532"
894,65 years and over,2011,Nebraska,"249,797"
895,male,2011,Nebraska,"108,172"
896,female,2011,Nebraska,"141,625"
897,65 years and over,2012,Nebraska,"256,972"
898,male,2012,Nebraska,"112,633"
899,female,2012,Nebraska,"144,339"
900,65 years and over,2013,Nebraska,"264,628"
901,male,2013,Nebraska,"116,179"
902,female,2013,Nebraska,"148,449"
903,65 years and over,2014,Nebraska,"270,677"
904,male,2014,Nebraska,"119,360"
905,female,2014,Nebraska,"151,317"
906,65 years and over,2015,Nebraska,"278,691"
907,male,2015,Nebraska,"123,285"
908,female,2015,Nebraska,"155,406"
909,65 years and over,2016,Nebraska,"285,290"
910,male,2016,Nebraska,"127,682"
911,female,2016,Nebraska,"157,608"
912,65 years and over,2017,Nebraska,"1,445,479"
913,male,2017,Nebraska,"715,308"
914,female,2017,Nebraska,"730,171"
915,65 years and over,2018,Nebraska,"1,454,382"
916,male,2018,Nebraska,"717,855"
917,female,2018,Nebraska,"736,527"
918,65 years and over,2019,Nebraska,"1,459,312"
919,male,2019,Nebraska,"721,812"
920,female,2019,Nebraska,"737,500"
921,65 years and over,2020,Nebraska,"1,448,723"
922,male,2020,Nebraska,"715,674"
923,female,2020,Nebraska,"733,049"
924,65 years and over,2010,Nevada,"327,133"
925,male,2010,Nevada,"154,630"
926,female,2010,Nevada,"172,503"
927,65 years and over,2011,Nevada,"339,640"
928,male,2011,Nevada,"160,617"
929,female,2011,Nevada,"179,023"
930,65 years and over,2012,Nevada,"359,486"
931,male,2012,Nevada,"169,640"
932,female,2012,Nevada,"189,846"
933,65 years and over,2013,Nevada,"380,832"
934,male,2013,Nevada,"178,928"
935,female,2013,Nevada,"201,904"
936,65 years and over,2014,Nevada,"400,514"
937,male,2014,Nevada,"189,081"
938,female,2014,Nevada,"211,433"
939,65 years and over,2015,Nevada,"422,112"
940,male,2015,Nevada,"199,464"
941,female,2015,Nevada,"222,648"
942,65 years and over,2016,Nevada,"441,761"
943,male,2016,Nevada,"208,138"
944,female,2016,Nevada,"233,623"
945,65 years and over,2017,Nevada,"2,314,082"
946,male,2017,Nevada,"1,154,611"
947,female,2017,Nevada,"1,159,471"
948,65 years and over,2018,Nevada,"2,345,172"
949,male,2018,Nevada,"1,169,070"
950,female,2018,Nevada,"1,176,102"
951,65 years and over,2019,Nevada,"2,389,419"
952,male,2019,Nevada,"1,191,972"
953,female,2019,Nevada,"1,197,447"
954,65 years and over,2020,Nevada,"2,342,768"
955,male,2020,Nevada,"1,168,925"
956,female,2020,Nevada,"1,173,843"
957,65 years and over,2010,New Hampshire,"179,649"
958,male,2010,New Hampshire,"79,616"
959,female,2010,New Hampshire,"100,033"
960,65 years and over,2011,New Hampshire,"184,590"
961,male,2011,New Hampshire,"82,378"
962,female,2011,New Hampshire,"102,212"
963,65 years and over,2012,New Hampshire,"194,097"
964,male,2012,New Hampshire,"86,832"
965,female,2012,New Hampshire,"107,265"
966,65 years and over,2013,New Hampshire,"202,960"
967,male,2013,New Hampshire,"90,891"
968,female,2013,New Hampshire,"112,069"
969,65 years and over,2014,New Hampshire,"209,447"
970,male,2014,New Hampshire,"94,647"
971,female,2014,New Hampshire,"114,800"
972,65 years and over,2015,New Hampshire,"218,357"
973,male,2015,New Hampshire,"99,408"
974,female,2015,New Hampshire,"118,949"
975,65 years and over,2016,New Hampshire,"226,932"
976,male,2016,New Hampshire,"103,323"
977,female,2016,New Hampshire,"123,609"
978,65 years and over,2017,New Hampshire,"1,084,600"
979,male,2017,New Hampshire,"532,324"
980,female,2017,New Hampshire,"552,276"
981,65 years and over,2018,New Hampshire,"1,098,330"
982,male,2018,New Hampshire,"539,550"
983,female,2018,New Hampshire,"558,780"
984,65 years and over,2019,New Hampshire,"1,103,691"
985,male,2019,New Hampshire,"542,357"
986,female,2019,New Hampshire,"561,334"
987,65 years and over,2020,New Hampshire,"1,097,513"
988,male,2020,New Hampshire,"539,775"
989,female,2020,New Hampshire,"557,738"
990,65 years and over,2010,New Jersey,"1,191,030"
991,male,2010,New Jersey,"495,412"
992,female,2010,New Jersey,"695,618"
993,65 years and over,2011,New Jersey,"1,206,778"
994,male,2011,New Jersey,"505,334"
995,female,2011,New Jersey,"701,444"
996,65 years and over,2012,New Jersey,"1,250,314"
997,male,2012,New Jersey,"526,495"
998,female,2012,New Jersey,"723,819"
999,65 years and over,2013,New Jersey,"1,284,407"
1000,male,2013,New Jersey,"543,640"
1001,female,2013,New Jersey,"740,767"
1002,65 years and over,2014,New Jersey,"1,312,125"
1003,male,2014,New Jersey,"557,485"
1004,female,2014,New Jersey,"754,640"
1005,65 years and over,2015,New Jersey,"1,342,951"
1006,male,2015,New Jersey,"573,017"
1007,female,2015,New Jersey,"769,934"
1008,65 years and over,2016,New Jersey,"1,372,155"
1009,male,2016,New Jersey,"587,005"
1010,female,2016,New Jersey,"785,150"
1011,65 years and over,2017,New Jersey,"7,026,848"
1012,male,2017,New Jersey,"3,386,625"
1013,female,2017,New Jersey,"3,640,223"
1014,65 years and over,2018,New Jersey,"6,957,515"
1015,male,2018,New Jersey,"3,357,645"
1016,female,2018,New Jersey,"3,599,870"
1017,65 years and over,2019,New Jersey,"6,944,166"
1018,male,2019,New Jersey,"3,351,015"
1019,female,2019,New Jersey,"3,593,151"
1020,65 years and over,2020,New Jersey,"6,931,965"
1021,male,2020,New Jersey,"3,343,761"
1022,female,2020,New Jersey,"3,588,204"
1023,65 years and over,2010,New Mexico,"275,387"
1024,male,2010,New Mexico,"124,367"
1025,female,2010,New Mexico,"151,020"
1026,65 years and over,2011,New Mexico,"283,057"
1027,male,2011,New Mexico,"127,687"
1028,female,2011,New Mexico,"155,370"
1029,65 years and over,2012,New Mexico,"294,258"
1030,male,2012,New Mexico,"133,634"
1031,female,2012,New Mexico,"160,624"
1032,65 years and over,2013,New Mexico,"307,157"
1033,male,2013,New Mexico,"140,836"
1034,female,2013,New Mexico,"166,321"
1035,65 years and over,2014,New Mexico,"318,086"
1036,male,2014,New Mexico,"144,556"
1037,female,2014,New Mexico,"173,530"
1038,65 years and over,2015,New Mexico,"330,594"
1039,male,2015,New Mexico,"149,741"
1040,female,2015,New Mexico,"180,853"
1041,65 years and over,2016,New Mexico,"342,061"
1042,male,2016,New Mexico,"156,095"
1043,female,2016,New Mexico,"185,966"
1044,65 years and over,2017,New Mexico,"1,598,348"
1045,male,2017,New Mexico,"785,527"
1046,female,2017,New Mexico,"812,821"
1047,65 years and over,2018,New Mexico,"1,615,191"
1048,male,2018,New Mexico,"793,301"
1049,female,2018,New Mexico,"821,890"
1050,65 years and over,2019,New Mexico,"1,622,979"
1051,male,2019,New Mexico,"794,464"
1052,female,2019,New Mexico,"828,515"
1053,65 years and over,2020,New Mexico,"1,613,567"
1054,male,2020,New Mexico,"791,301"
1055,female,2020,New Mexico,"822,266"
1056,65 years and over,2010,New York,"2,624,048"
1057,male,2010,New York,"1,088,880"
1058,female,2010,New York,"1,535,168"
1059,65 years and over,2011,New York,"2,664,920"
1060,male,2011,New York,"1,107,309"
1061,female,2011,New York,"1,557,611"
1062,65 years and over,2012,New York,"2,759,461"
1063,male,2012,New York,"1,155,670"
1064,female,2012,New York,"1,603,791"
1065,65 years and over,2013,New York,"2,829,843"
1066,male,2013,New York,"1,193,771"
1067,female,2013,New York,"1,636,072"
1068,65 years and over,2014,New York,"2,895,680"
1069,male,2014,New York,"1,224,971"
1070,female,2014,New York,"1,670,709"
1071,65 years and over,2015,New York,"2,962,447"
1072,male,2015,New York,"1,261,783"
1073,female,2015,New York,"1,700,664"
1074,65 years and over,2016,New York,"3,030,781"
1075,male,2016,New York,"1,293,780"
1076,female,2016,New York,"1,737,001"
1077,65 years and over,2017,New York,"15,695,902"
1078,male,2017,New York,"7,515,307"
1079,female,2017,New York,"8,180,595"
1080,65 years and over,2018,New York,"15,477,524"
1081,male,2018,New York,"7,411,537"
1082,female,2018,New York,"8,065,987"
1083,65 years and over,2019,New York,"15,431,465"
1084,male,2019,New York,"7,388,570"
1085,female,2019,New York,"8,042,895"
1086,65 years and over,2020,New York,"15,443,707"
1087,male,2020,New York,"7,392,810"
1088,female,2020,New York,"8,050,897"
1089,65 years and over,2010,North Carolina,"1,239,719"
1090,male,2010,North Carolina,"525,146"
1091,female,2010,North Carolina,"714,573"
1092,65 years and over,2011,North Carolina,"1,275,956"
1093,male,2011,North Carolina,"543,516"
1094,female,2011,North Carolina,"732,440"
1095,65 years and over,2012,North Carolina,"1,346,700"
1096,male,2012,North Carolina,"579,487"
1097,female,2012,North Carolina,"767,213"
1098,65 years and over,2013,North Carolina,"1,404,718"
1099,male,2013,North Carolina,"608,465"
1100,female,2013,North Carolina,"796,253"
1101,65 years and over,2014,North Carolina,"1,461,149"
1102,male,2014,North Carolina,"634,249"
1103,female,2014,North Carolina,"826,900"
1104,65 years and over,2015,North Carolina,"1,515,545"
1105,male,2015,North Carolina,"658,879"
1106,female,2015,North Carolina,"856,666"
1107,65 years and over,2016,North Carolina,"1,568,591"
1108,male,2016,North Carolina,"684,988"
1109,female,2016,North Carolina,"883,603"
1110,65 years and over,2017,North Carolina,"7,972,229"
1111,male,2017,North Carolina,"3,820,732"
1112,female,2017,North Carolina,"4,151,497"
1113,65 years and over,2018,North Carolina,"8,086,762"
1114,male,2018,North Carolina,"3,875,167"
1115,female,2018,North Carolina,"4,211,595"
1116,65 years and over,2019,North Carolina,"8,194,112"
1117,male,2019,North Carolina,"3,922,178"
1118,female,2019,North Carolina,"4,271,934"
1119,65 years and over,2020,North Carolina,"8,084,631"
1120,male,2020,North Carolina,"3,878,705"
1121,female,2020,North Carolina,"4,205,926"
1122,65 years and over,2010,North Dakota,"98,075"
1123,male,2010,North Dakota,"42,757"
1124,female,2010,North Dakota,"55,318"
1125,65 years and over,2011,North Dakota,"98,456"
1126,male,2011,North Dakota,"43,002"
1127,female,2011,North Dakota,"55,454"
1128,65 years and over,2012,North Dakota,"100,962"
1129,male,2012,North Dakota,"44,398"
1130,female,2012,North Dakota,"56,564"
1131,65 years and over,2013,North Dakota,"102,550"
1132,male,2013,North Dakota,"45,678"
1133,female,2013,North Dakota,"56,872"
1134,65 years and over,2014,North Dakota,"104,679"
1135,male,2014,North Dakota,"47,346"
1136,female,2014,North Dakota,"57,333"
1137,65 years and over,2015,North Dakota,"107,357"
1138,male,2015,North Dakota,"48,192"
1139,female,2015,North Dakota,"59,165"
1140,65 years and over,2016,North Dakota,"109,851"
1141,male,2016,North Dakota,"49,533"
1142,female,2016,North Dakota,"60,318"
1143,65 years and over,2017,North Dakota,"582,257"
1144,male,2017,North Dakota,"299,237"
1145,female,2017,North Dakota,"283,020"
1146,65 years and over,2018,North Dakota,"585,363"
1147,male,2018,North Dakota,"299,924"
1148,female,2018,North Dakota,"285,439"
1149,65 years and over,2019,North Dakota,"585,356"
1150,male,2019,North Dakota,"298,181"
1151,female,2019,North Dakota,"287,175"
1152,65 years and over,2020,North Dakota,"582,365"
1153,male,2020,North Dakota,"297,945"
1154,female,2020,North Dakota,"284,420"
1155,65 years and over,2010,Ohio,"1,625,778"
1156,male,2010,Ohio,"686,924"
1157,female,2010,Ohio,"938,854"
1158,65 years and over,2011,Ohio,"1,647,834"
1159,male,2011,Ohio,"700,686"
1160,female,2011,Ohio,"947,148"
1161,65 years and over,2012,Ohio,"1,707,568"
1162,male,2012,Ohio,"732,380"
1163,female,2012,Ohio,"975,188"
1164,65 years and over,2013,Ohio,"1,751,963"
1165,male,2013,Ohio,"754,572"
1166,female,2013,Ohio,"997,391"
1167,65 years and over,2014,Ohio,"1,796,868"
1168,male,2014,Ohio,"777,731"
1169,female,2014,Ohio,"1,019,137"
1170,65 years and over,2015,Ohio,"1,839,554"
1171,male,2015,Ohio,"798,960"
1172,female,2015,Ohio,"1,040,594"
1173,65 years and over,2016,Ohio,"1,884,914"
1174,male,2016,Ohio,"822,082"
1175,female,2016,Ohio,"1,062,832"
1176,65 years and over,2017,Ohio,"9,056,612"
1177,male,2017,Ohio,"4,377,403"
1178,female,2017,Ohio,"4,679,209"
1179,65 years and over,2018,Ohio,"9,099,006"
1180,male,2018,Ohio,"4,405,595"
1181,female,2018,Ohio,"4,693,411"
1182,65 years and over,2019,Ohio,"9,114,253"
1183,male,2019,Ohio,"4,411,835"
1184,female,2019,Ohio,"4,702,418"
1185,65 years and over,2020,Ohio,"9,081,287"
1186,male,2020,Ohio,"4,395,027"
1187,female,2020,Ohio,"4,686,260"
1188,65 years and over,2010,Oklahoma,"509,789"
1189,male,2010,Oklahoma,"222,231"
1190,female,2010,Oklahoma,"287,558"
1191,65 years and over,2011,Oklahoma,"517,390"
1192,male,2011,Oklahoma,"226,695"
1193,female,2011,Oklahoma,"290,695"
1194,65 years and over,2012,Oklahoma,"536,007"
1195,male,2012,Oklahoma,"236,164"
1196,female,2012,Oklahoma,"299,843"
1197,65 years and over,2013,Oklahoma,"547,927"
1198,male,2013,Oklahoma,"242,923"
1199,female,2013,Oklahoma,"305,004"
1200,65 years and over,2014,Oklahoma,"561,568"
1201,male,2014,Oklahoma,"248,744"
1202,female,2014,Oklahoma,"312,824"
1203,65 years and over,2015,Oklahoma,"576,031"
1204,male,2015,Oklahoma,"255,984"
1205,female,2015,Oklahoma,"320,047"
1206,65 years and over,2016,Oklahoma,"588,292"
1207,male,2016,Oklahoma,"260,969"
1208,female,2016,Oklahoma,"327,323"
1209,65 years and over,2017,Oklahoma,"2,969,381"
1210,male,2017,Oklahoma,"1,454,053"
1211,female,2017,Oklahoma,"1,515,328"
1212,65 years and over,2018,Oklahoma,"2,986,759"
1213,male,2018,Oklahoma,"1,462,478"
1214,female,2018,Oklahoma,"1,524,281"
1215,65 years and over,2019,Oklahoma,"3,004,742"
1216,male,2019,Oklahoma,"1,470,313"
1217,female,2019,Oklahoma,"1,534,429"
1218,65 years and over,2020,Oklahoma,"2,992,972"
1219,male,2020,Oklahoma,"1,468,003"
1220,female,2020,Oklahoma,"1,524,969"
1221,65 years and over,2010,Oregon,"534,893"
1222,male,2010,Oregon,"237,365"
1223,female,2010,Oregon,"297,528"
1224,65 years and over,2011,Oregon,"553,121"
1225,male,2011,Oregon,"247,470"
1226,female,2011,Oregon,"305,651"
1227,65 years and over,2012,Oregon,"581,693"
1228,male,2012,Oregon,"261,312"
1229,female,2012,Oregon,"320,381"
1230,65 years and over,2013,Oregon,"604,596"
1231,male,2013,Oregon,"273,968"
1232,female,2013,Oregon,"330,628"
1233,65 years and over,2014,Oregon,"634,226"
1234,male,2014,Oregon,"287,658"
1235,female,2014,Oregon,"346,568"
1236,65 years and over,2015,Oregon,"659,778"
1237,male,2015,Oregon,"301,459"
1238,female,2015,Oregon,"358,319"
1239,65 years and over,2016,Oregon,"688,888"
1240,male,2016,Oregon,"314,742"
1241,female,2016,Oregon,"374,146"
1242,65 years and over,2017,Oregon,"3,269,002"
1243,male,2017,Oregon,"1,605,612"
1244,female,2017,Oregon,"1,663,390"
1245,65 years and over,2018,Oregon,"3,318,125"
1246,male,2018,Oregon,"1,632,062"
1247,female,2018,Oregon,"1,686,063"
1248,65 years and over,2019,Oregon,"3,354,921"
1249,male,2019,Oregon,"1,647,172"
1250,female,2019,Oregon,"1,707,749"
1251,65 years and over,2020,Oregon,"3,309,270"
1252,male,2020,Oregon,"1,625,930"
1253,female,2020,Oregon,"1,683,340"
1254,65 years and over,2010,Pennsylvania,"1,965,505"
1255,male,2010,Pennsylvania,"824,507"
1256,female,2010,Pennsylvania,"1,140,998"
1257,65 years and over,2011,Pennsylvania,"1,982,418"
1258,male,2011,Pennsylvania,"836,104"
1259,female,2011,Pennsylvania,"1,146,314"
1260,65 years and over,2012,Pennsylvania,"2,041,930"
1261,male,2012,Pennsylvania,"867,210"
1262,female,2012,Pennsylvania,"1,174,720"
1263,65 years and over,2013,Pennsylvania,"2,089,972"
1264,male,2013,Pennsylvania,"895,678"
1265,female,2013,Pennsylvania,"1,194,294"
1266,65 years and over,2014,Pennsylvania,"2,134,099"
1267,male,2014,Pennsylvania,"918,006"
1268,female,2014,Pennsylvania,"1,216,093"
1269,65 years and over,2015,Pennsylvania,"2,181,193"
1270,male,2015,Pennsylvania,"942,140"
1271,female,2015,Pennsylvania,"1,239,053"
1272,65 years and over,2016,Pennsylvania,"2,221,761"
1273,male,2016,Pennsylvania,"965,024"
1274,female,2016,Pennsylvania,"1,256,737"
1275,65 years and over,2017,Pennsylvania,"10,140,566"
1276,male,2017,Pennsylvania,"4,905,803"
1277,female,2017,Pennsylvania,"5,234,763"
1278,65 years and over,2018,Pennsylvania,"10,159,443"
1279,male,2018,Pennsylvania,"4,919,474"
1280,female,2018,Pennsylvania,"5,239,969"
1281,65 years and over,2019,Pennsylvania,"10,169,664"
1282,male,2019,Pennsylvania,"4,925,483"
1283,female,2019,Pennsylvania,"5,244,181"
1284,65 years and over,2020,Pennsylvania,"10,145,303"
1285,male,2020,Pennsylvania,"4,912,920"
1286,female,2020,Pennsylvania,"5,232,383"
1287,65 years and over,2010,Rhode Island,"152,183"
1288,male,2010,Rhode Island,"62,652"
1289,female,2010,Rhode Island,"89,531"
1290,65 years and over,2011,Rhode Island,"153,677"
1291,male,2011,Rhode Island,"63,649"
1292,female,2011,Rhode Island,"90,028"
1293,65 years and over,2012,Rhode Island,"158,825"
1294,male,2012,Rhode Island,"66,241"
1295,female,2012,Rhode Island,"92,584"
1296,65 years and over,2013,Rhode Island,"162,864"
1297,male,2013,Rhode Island,"68,895"
1298,female,2013,Rhode Island,"93,969"
1299,65 years and over,2014,Rhode Island,"167,180"
1300,male,2014,Rhode Island,"70,911"
1301,female,2014,Rhode Island,"96,269"
1302,65 years and over,2015,Rhode Island,"170,532"
1303,male,2015,Rhode Island,"72,890"
1304,female,2015,Rhode Island,"97,642"
1305,65 years and over,2016,Rhode Island,"174,055"
1306,male,2016,Rhode Island,"74,550"
1307,female,2016,Rhode Island,"99,505"
1308,65 years and over,2017,Rhode Island,"852,667"
1309,male,2017,Rhode Island,"407,807"
1310,female,2017,Rhode Island,"444,860"
1311,65 years and over,2018,Rhode Island,"853,407"
1312,male,2018,Rhode Island,"410,324"
1313,female,2018,Rhode Island,"443,083"
1314,65 years and over,2019,Rhode Island,"855,786"
1315,male,2019,Rhode Island,"412,642"
1316,female,2019,Rhode Island,"443,144"
1317,65 years and over,2020,Rhode Island,"852,354"
1318,male,2020,Rhode Island,"409,342"
1319,female,2020,Rhode Island,"443,012"
1320,65 years and over,2010,South Carolina,"634,930"
1321,male,2010,South Carolina,"273,959"
1322,female,2010,South Carolina,"360,971"
1323,65 years and over,2011,South Carolina,"654,887"
1324,male,2011,South Carolina,"284,165"
1325,female,2011,South Carolina,"370,722"
1326,65 years and over,2012,South Carolina,"694,776"
1327,male,2012,South Carolina,"302,837"
1328,female,2012,South Carolina,"391,939"
1329,65 years and over,2013,South Carolina,"725,107"
1330,male,2013,South Carolina,"319,000"
1331,female,2013,South Carolina,"406,107"
1332,65 years and over,2014,South Carolina,"761,583"
1333,male,2014,South Carolina,"337,368"
1334,female,2014,South Carolina,"424,215"
1335,65 years and over,2015,South Carolina,"793,954"
1336,male,2015,South Carolina,"352,949"
1337,female,2015,South Carolina,"441,005"
1338,65 years and over,2016,South Carolina,"830,147"
1339,male,2016,South Carolina,"367,187"
1340,female,2016,South Carolina,"462,960"
1341,65 years and over,2017,South Carolina,"3,922,649"
1342,male,2017,South Carolina,"1,875,631"
1343,female,2017,South Carolina,"2,047,018"
1344,65 years and over,2018,South Carolina,"3,979,718"
1345,male,2018,South Carolina,"1,899,602"
1346,female,2018,South Carolina,"2,080,116"
1347,65 years and over,2019,South Carolina,"4,036,414"
1348,male,2019,South Carolina,"1,922,777"
1349,female,2019,South Carolina,"2,113,637"
1350,65 years and over,2020,South Carolina,"3,982,912"
1351,male,2020,South Carolina,"1,902,834"
1352,female,2020,South Carolina,"2,080,078"
1353,65 years and over,2010,South Dakota,"117,907"
1354,male,2010,South Dakota,"51,802"
1355,female,2010,South Dakota,"66,105"
1356,65 years and over,2011,South Dakota,"120,025"
1357,male,2011,South Dakota,"52,584"
1358,female,2011,South Dakota,"67,441"
1359,65 years and over,2012,South Dakota,"121,092"
1360,male,2012,South Dakota,"54,096"
1361,female,2012,South Dakota,"66,996"
1362,65 years and over,2013,South Dakota,"124,503"
1363,male,2013,South Dakota,"55,766"
1364,female,2013,South Dakota,"68,737"
1365,65 years and over,2014,South Dakota,"129,354"
1366,male,2014,South Dakota,"58,617"
1367,female,2014,South Dakota,"70,737"
1368,65 years and over,2015,South Dakota,"134,513"
1369,male,2015,South Dakota,"61,290"
1370,female,2015,South Dakota,"73,223"
1371,65 years and over,2016,South Dakota,"137,569"
1372,male,2016,South Dakota,"62,165"
1373,female,2016,South Dakota,"75,404"
1374,65 years and over,2017,South Dakota,"656,438"
1375,male,2017,South Dakota,"329,648"
1376,female,2017,South Dakota,"326,790"
1377,65 years and over,2018,South Dakota,"667,772"
1378,male,2018,South Dakota,"334,365"
1379,female,2018,South Dakota,"333,407"
1380,65 years and over,2019,South Dakota,"669,390"
1381,male,2019,South Dakota,"335,932"
1382,female,2019,South Dakota,"333,458"
1383,65 years and over,2020,South Dakota,"663,589"
1384,male,2020,South Dakota,"332,951"
1385,female,2020,South Dakota,"330,638"
1386,65 years and over,2010,Tennessee,"859,922"
1387,male,2010,Tennessee,"368,000"
1388,female,2010,Tennessee,"491,922"
1389,65 years and over,2011,Tennessee,"879,033"
1390,male,2011,Tennessee,"378,137"
1391,female,2011,Tennessee,"500,896"
1392,65 years and over,2012,Tennessee,"920,721"
1393,male,2012,Tennessee,"399,811"
1394,female,2012,Tennessee,"520,910"
1395,65 years and over,2013,Tennessee,"950,190"
1396,male,2013,Tennessee,"415,575"
1397,female,2013,Tennessee,"534,615"
1398,65 years and over,2014,Tennessee,"986,813"
1399,male,2014,Tennessee,"432,278"
1400,female,2014,Tennessee,"554,535"
1401,65 years and over,2015,Tennessee,"1,015,780"
1402,male,2015,Tennessee,"448,323"
1403,female,2015,Tennessee,"567,457"
1404,65 years and over,2016,Tennessee,"1,045,255"
1405,male,2016,Tennessee,"460,325"
1406,female,2016,Tennessee,"584,930"
1407,65 years and over,2017,Tennessee,"5,207,732"
1408,male,2017,Tennessee,"2,506,343"
1409,female,2017,Tennessee,"2,701,389"
1410,65 years and over,2018,Tennessee,"5,260,635"
1411,male,2018,Tennessee,"2,527,405"
1412,female,2018,Tennessee,"2,733,230"
1413,65 years and over,2019,Tennessee,"5,318,422"
1414,male,2019,Tennessee,"2,554,545"
1415,female,2019,Tennessee,"2,763,877"
1416,65 years and over,2020,Tennessee,"5,264,378"
1417,male,2020,Tennessee,"2,533,438"
1418,female,2020,Tennessee,"2,730,940"
1419,65 years and over,2010,Texas,"2,618,943"
1420,male,2010,Texas,"1,142,219"
1421,female,2010,Texas,"1,476,724"
1422,65 years and over,2011,Texas,"2,707,825"
1423,male,2011,Texas,"1,186,843"
1424,female,2011,Texas,"1,520,982"
1425,65 years and over,2012,Texas,"2,837,722"
1426,male,2012,Texas,"1,250,189"
1427,female,2012,Texas,"1,587,533"
1428,65 years and over,2013,Texas,"2,966,527"
1429,male,2013,Texas,"1,311,549"
1430,female,2013,Texas,"1,654,978"
1431,65 years and over,2014,Texas,"3,096,013"
1432,male,2014,Texas,"1,370,329"
1433,female,2014,Texas,"1,725,684"
1434,65 years and over,2015,Texas,"3,221,507"
1435,male,2015,Texas,"1,428,111"
1436,female,2015,Texas,"1,793,396"
1437,65 years and over,2016,Texas,"3,352,843"
1438,male,2016,Texas,"1,488,306"
1439,female,2016,Texas,"1,864,537"
1440,65 years and over,2017,Texas,"20,939,433"
1441,male,2017,Texas,"10,298,806"
1442,female,2017,Texas,"10,640,627"
1443,65 years and over,2018,Texas,"21,302,361"
1444,male,2018,Texas,"10,473,771"
1445,female,2018,Texas,"10,828,590"
1446,65 years and over,2019,Texas,"21,599,250"
1447,male,2019,Texas,"10,618,690"
1448,female,2019,Texas,"10,980,560"
1449,65 years and over,2020,Texas,"21,253,960"
1450,male,2020,Texas,"10,456,881"
1451,female,2020,Texas,"10,797,079"
1452,65 years and over,2010,Utah,"250,800"
1453,male,2010,Utah,"113,608"
1454,female,2010,Utah,"137,192"
1455,65 years and over,2011,Utah,"258,324"
1456,male,2011,Utah,"117,978"
1457,female,2011,Utah,"140,346"
1458,65 years and over,2012,Utah,"271,882"
1459,male,2012,Utah,"124,284"
1460,female,2012,Utah,"147,598"
1461,65 years and over,2013,Utah,"282,680"
1462,male,2013,Utah,"129,891"
1463,female,2013,Utah,"152,789"
1464,65 years and over,2014,Utah,"294,979"
1465,male,2014,Utah,"135,519"
1466,female,2014,Utah,"159,460"
1467,65 years and over,2015,Utah,"307,842"
1468,male,2015,Utah,"142,599"
1469,female,2015,Utah,"165,243"
1470,65 years and over,2016,Utah,"319,490"
1471,male,2016,Utah,"147,579"
1472,female,2016,Utah,"171,911"
1473,65 years and over,2017,Utah,"2,176,739"
1474,male,2017,Utah,"1,086,466"
1475,female,2017,Utah,"1,090,273"
1476,65 years and over,2018,Utah,"2,229,274"
1477,male,2018,Utah,"1,113,904"
1478,female,2018,Utah,"1,115,370"
1479,65 years and over,2019,Utah,"2,275,650"
1480,male,2019,Utah,"1,134,329"
1481,female,2019,Utah,"1,141,321"
1482,65 years and over,2020,Utah,"2,223,670"
1483,male,2020,Utah,"1,110,602"
1484,female,2020,Utah,"1,113,068"
1485,65 years and over,2010,Vermont,"91,231"
1486,male,2010,Vermont,"40,380"
1487,female,2010,Vermont,"50,851"
1488,65 years and over,2011,Vermont,"93,641"
1489,male,2011,Vermont,"41,852"
1490,female,2011,Vermont,"51,789"
1491,65 years and over,2012,Vermont,"98,489"
1492,male,2012,Vermont,"44,353"
1493,female,2012,Vermont,"54,136"
1494,65 years and over,2013,Vermont,"102,658"
1495,male,2013,Vermont,"46,685"
1496,female,2013,Vermont,"55,973"
1497,65 years and over,2014,Vermont,"106,655"
1498,male,2014,Vermont,"48,941"
1499,female,2014,Vermont,"57,714"
1500,65 years and over,2015,Vermont,"110,084"
1501,male,2015,Vermont,"50,292"
1502,female,2015,Vermont,"59,792"
1503,65 years and over,2016,Vermont,"113,600"
1504,male,2016,Vermont,"51,633"
1505,female,2016,Vermont,"61,967"
1506,65 years and over,2017,Vermont,"505,902"
1507,male,2017,Vermont,"246,999"
1508,female,2017,Vermont,"258,903"
1509,65 years and over,2018,Vermont,"510,772"
1510,male,2018,Vermont,"249,177"
1511,female,2018,Vermont,"261,595"
1512,65 years and over,2019,Vermont,"510,430"
1513,male,2019,Vermont,"250,316"
1514,female,2019,Vermont,"260,114"
1515,65 years and over,2020,Vermont,"508,708"
1516,male,2020,Vermont,"248,625"
1517,female,2020,Vermont,"260,083"
1518,65 years and over,2010,Virginia,"980,275"
1519,male,2010,Virginia,"423,376"
1520,female,2010,Virginia,"556,899"
1521,65 years and over,2011,Virginia,"1,010,335"
1522,male,2011,Virginia,"437,722"
1523,female,2011,Virginia,"572,613"
1524,65 years and over,2012,Virginia,"1,062,133"
1525,male,2012,Virginia,"461,528"
1526,female,2012,Virginia,"600,605"
1527,65 years and over,2013,Virginia,"1,104,809"
1528,male,2013,Virginia,"485,042"
1529,female,2013,Virginia,"619,767"
1530,65 years and over,2014,Virginia,"1,146,846"
1531,male,2014,Virginia,"502,880"
1532,female,2014,Virginia,"643,966"
1533,65 years and over,2015,Virginia,"1,187,444"
1534,male,2015,Virginia,"524,430"
1535,female,2015,Virginia,"663,014"
1536,65 years and over,2016,Virginia,"1,228,045"
1537,male,2016,Virginia,"541,718"
1538,female,2016,Virginia,"686,327"
1539,65 years and over,2017,Virginia,"6,601,939"
1540,male,2017,Virginia,"3,210,622"
1541,female,2017,Virginia,"3,391,317"
1542,65 years and over,2018,Virginia,"6,648,045"
1543,male,2018,Virginia,"3,232,257"
1544,female,2018,Virginia,"3,415,788"
1545,65 years and over,2019,Virginia,"6,677,914"
1546,male,2019,Virginia,"3,246,462"
1547,female,2019,Virginia,"3,431,452"
1548,65 years and over,2020,Virginia,"6,640,761"
1549,male,2020,Virginia,"3,231,233"
1550,female,2020,Virginia,"3,409,528"
1551,65 years and over,2010,Washington,"830,378"
1552,male,2010,Washington,"370,406"
1553,female,2010,Washington,"459,972"
1554,65 years and over,2011,Washington,"861,243"
1555,male,2011,Washington,"385,813"
1556,female,2011,Washington,"475,430"
1557,65 years and over,2012,Washington,"907,618"
1558,male,2012,Washington,"410,159"
1559,female,2012,Washington,"497,459"
1560,65 years and over,2013,Washington,"950,766"
1561,male,2013,Washington,"430,073"
1562,female,2013,Washington,"520,693"
1563,65 years and over,2014,Washington,"992,516"
1564,male,2014,Washington,"450,109"
1565,female,2014,Washington,"542,407"
1566,65 years and over,2015,Washington,"1,036,626"
1567,male,2015,Washington,"473,605"
1568,female,2015,Washington,"563,021"
1569,65 years and over,2016,Washington,"1,078,813"
1570,male,2016,Washington,"491,452"
1571,female,2016,Washington,"587,361"
1572,65 years and over,2017,Washington,"5,759,010"
1573,male,2017,Washington,"2,859,698"
1574,female,2017,Washington,"2,899,312"
1575,65 years and over,2018,Washington,"5,873,652"
1576,male,2018,Washington,"2,920,360"
1577,female,2018,Washington,"2,953,292"
1578,65 years and over,2019,Washington,"5,951,928"
1579,male,2019,Washington,"2,958,683"
1580,female,2019,Washington,"2,993,245"
1581,65 years and over,2020,Washington,"5,858,996"
1582,male,2020,Washington,"2,913,529"
1583,female,2020,Washington,"2,945,467"
1584,65 years and over,2010,West Virginia,"298,606"
1585,male,2010,West Virginia,"129,863"
1586,female,2010,West Virginia,"168,743"
1587,65 years and over,2011,West Virginia,"301,317"
1588,male,2011,West Virginia,"131,915"
1589,female,2011,West Virginia,"169,402"
1590,65 years and over,2012,West Virginia,"311,104"
1591,male,2012,West Virginia,"138,189"
1592,female,2012,West Virginia,"172,915"
1593,65 years and over,2013,West Virginia,"320,013"
1594,male,2013,West Virginia,"142,880"
1595,female,2013,West Virginia,"177,133"
1596,65 years and over,2014,West Virginia,"329,055"
1597,male,2014,West Virginia,"147,184"
1598,female,2014,West Virginia,"181,871"
1599,65 years and over,2015,West Virginia,"336,361"
1600,male,2015,West Virginia,"151,128"
1601,female,2015,West Virginia,"185,233"
1602,65 years and over,2016,West Virginia,"343,775"
1603,male,2016,West Virginia,"154,814"
1604,female,2016,West Virginia,"188,961"
1605,65 years and over,2017,West Virginia,"1,442,454"
1606,male,2017,West Virginia,"705,573"
1607,female,2017,West Virginia,"736,881"
1608,65 years and over,2018,West Virginia,"1,442,607"
1609,male,2018,West Virginia,"707,039"
1610,female,2018,West Virginia,"735,568"
1611,65 years and over,2019,West Virginia,"1,433,329"
1612,male,2019,West Virginia,"702,698"
1613,female,2019,West Virginia,"730,631"
1614,65 years and over,2020,West Virginia,"1,442,209"
1615,male,2020,West Virginia,"706,753"
1616,female,2020,West Virginia,"735,456"
1617,65 years and over,2010,Wisconsin,"779,510"
1618,male,2010,Wisconsin,"339,123"
1619,female,2010,Wisconsin,"440,387"
1620,65 years and over,2011,Wisconsin,"792,214"
1621,male,2011,Wisconsin,"345,356"
1622,female,2011,Wisconsin,"446,858"
1623,65 years and over,2012,Wisconsin,"824,030"
1624,male,2012,Wisconsin,"362,535"
1625,female,2012,Wisconsin,"461,495"
1626,65 years and over,2013,Wisconsin,"848,607"
1627,male,2013,Wisconsin,"377,060"
1628,female,2013,Wisconsin,"471,547"
1629,65 years and over,2014,Wisconsin,"875,720"
1630,male,2014,Wisconsin,"390,893"
1631,female,2014,Wisconsin,"484,827"
1632,65 years and over,2015,Wisconsin,"900,763"
1633,male,2015,Wisconsin,"403,895"
1634,female,2015,Wisconsin,"496,868"
1635,65 years and over,2016,Wisconsin,"927,261"
1636,male,2016,Wisconsin,"419,230"
1637,female,2016,Wisconsin,"508,031"
1638,65 years and over,2017,Wisconsin,"4,516,122"
1639,male,2017,Wisconsin,"2,228,211"
1640,female,2017,Wisconsin,"2,287,911"
1641,65 years and over,2018,Wisconsin,"4,541,463"
1642,male,2018,Wisconsin,"2,240,074"
1643,female,2018,Wisconsin,"2,301,389"
1644,65 years and over,2019,Wisconsin,"4,559,022"
1645,male,2019,Wisconsin,"2,247,843"
1646,female,2019,Wisconsin,"2,311,179"
1647,65 years and over,2020,Wisconsin,"4,532,654"
1648,male,2020,Wisconsin,"2,237,115"
1649,female,2020,Wisconsin,"2,295,539"
1650,65 years and over,2010,Wyoming,"70,186"
1651,male,2010,Wyoming,"32,493"
1652,female,2010,Wyoming,"37,693"
1653,65 years and over,2011,Wyoming,"72,029"
1654,male,2011,Wyoming,"33,323"
1655,female,2011,Wyoming,"38,706"
1656,65 years and over,2012,Wyoming,"75,050"
1657,male,2012,Wyoming,"35,127"
1658,female,2012,Wyoming,"39,923"
1659,65 years and over,2013,Wyoming,"77,554"
1660,male,2013,Wyoming,"36,564"
1661,female,2013,Wyoming,"40,990"
1662,65 years and over,2014,Wyoming,"80,332"
1663,male,2014,Wyoming,"37,553"
1664,female,2014,Wyoming,"42,779"
1665,65 years and over,2015,Wyoming,"82,547"
1666,male,2015,Wyoming,"39,255"
1667,female,2015,Wyoming,"43,292"
1668,65 years and over,2016,Wyoming,"87,583"
1669,male,2016,Wyoming,"41,283"
1670,female,2016,Wyoming,"46,300"
1671,65 years and over,2017,Wyoming,"441,253"
1672,male,2017,Wyoming,"224,212"
1673,female,2017,Wyoming,"217,041"
1674,65 years and over,2018,Wyoming,"444,641"
1675,male,2018,Wyoming,"224,675"
1676,female,2018,Wyoming,"219,966"
1677,65 years and over,2019,Wyoming,"444,570"
1678,male,2019,Wyoming,"226,129"
1679,female,2019,Wyoming,"218,441"
1680,65 years and over,2020,Wyoming,"446,548"
1681,male,2020,Wyoming,"227,027"
1682,female,2020,Wyoming,"219,521"
